Workbook

Sheet CustomerMaster
A1: Customer Master Table (Lookup Source)
A3: CustomerID | B3: CustomerName | C3: Region | D3: Tier
A4: CUST1001 | B4: Ananya Sharma | C4: North | D4: Gold
A5: CUST1002 | B5: Rohan Mehta | C5: West | D5: Silver
A6: CUST1003 | B6: Priya Nair | C6: South | D6: Platinum
A7: CUST1004 | B7: Karan Verma | C7: North | D7: Gold
A8: CUST1005 | B8: Simran Kaur | C8: East | D8: Silver
A9: CUST1006 | B9: Aditya Rao | C9: South | D9: Bronze
A10: CUST1007 | B10: Neha Gupta | C10: West | D10: Gold
A11: CUST1008 | B11: Vikram Singh | C11: North | D11: Platinum
A12: CUST1009 | B12: Ishita Bose | C12: East | D12: Bronze
A13: CUST1010 | B13: Farhan Ali | C13: South | D13: Silver
A14: CUST1011 | B14: Meera Iyer | C14: West | D14: Gold
... A18: CUST1015 | B18: Tanvi Joshi | C18: West | D18: Silver

Sheet Solution
A1: VLOOKUP — Exact Match
A3: Problem statement:
A4: You have a list of order IDs with a CustomerID column. Using the CustomerMaster sheet, pull the CustomerName, Region, and Tier for each order — exact match only, so any CustomerID not found should show an error, not a wrong guess.
A6: OrderID | B6: CustomerID | C6: CustomerName (VLOOKUP) | D6: Region (VLOOKUP) | E6: Tier (VLOOKUP)
A7: ORD-001 | B7: CUST1003 | C7: =IFERROR(VLOOKUP(B7,CustomerMaster!$A$4:$D$18,2,FALSE()),"Not Found") -> Priya Nair | D7: =IFERROR(VLOOKUP(B7,CustomerMaster!$A$4:$D$18,3,FALSE()),"Not Found") -> South | E7: =IFERROR(VLOOKUP(B7,CustomerMaster!$A$4:$D$18,4,FALSE()),"Not Found") -> Platinum
A8: ORD-002 | B8: CUST1007 | C8: =IFERROR(VLOOKUP(B8,CustomerMaster!$A$4:$D$18,2,FALSE()),"Not Found") -> Neha Gupta | D8: =IFERROR(VLOOKUP(B8,CustomerMaster!$A$4:$D$18,3,FALSE()),"Not Found") -> West | E8: =IFERROR(VLOOKUP(B8,CustomerMaster!$A$4:$D$18,4,FALSE()),"Not Found") -> Gold
A9: ORD-003 | B9: CUST1099 | C9: =IFERROR(VLOOKUP(B9,CustomerMaster!$A$4:$D$18,2,FALSE()),"Not Found") -> Not Found | D9: =IFERROR(VLOOKUP(B9,CustomerMaster!$A$4:$D$18,3,FALSE()),"Not Found") -> Not Found | E9: =IFERROR(VLOOKUP(B9,CustomerMaster!$A$4:$D$18,4,FALSE()),"Not Found") -> Not Found
A10: ORD-004 | B10: CUST1011 | C10: =IFERROR(VLOOKUP(B10,CustomerMaster!$A$4:$D$18,2,FALSE()),"Not Found") -> Meera Iyer | D10: =IFERROR(VLOOKUP(B10,CustomerMaster!$A$4:$D$18,3,FALSE()),"Not Found") -> West | E10: =IFERROR(VLOOKUP(B10,CustomerMaster!$A$4:$D$18,4,FALSE()),"Not Found") -> Gold
A11: ORD-005 | B11: CUST1001 | C11: =IFERROR(VLOOKUP(B11,CustomerMaster!$A$4:$D$18,2,FALSE()),"Not Found") -> Ananya Sharma | D11: =IFERROR(VLOOKUP(B11,CustomerMaster!$A$4:$D$18,3,FALSE()),"Not Found") -> North | E11: =IFERROR(VLOOKUP(B11,CustomerMaster!$A$4:$D$18,4,FALSE()),"Not Found") -> Gold
A12: ORD-006 | B12: CUST1014 | C12: =IFERROR(VLOOKUP(B12,CustomerMaster!$A$4:$D$18,2,FALSE()),"Not Found") -> Siddharth Roy | D12: =IFERROR(VLOOKUP(B12,CustomerMaster!$A$4:$D$18,3,FALSE()),"Not Found") -> South | E12: =IFERROR(VLOOKUP(B12,CustomerMaster!$A$4:$D$18,4,FALSE()),"Not Found") -> Gold
A13: ORD-007 | B13: CUST1005 | C13: =IFERROR(VLOOKUP(B13,CustomerMaster!$A$4:$D$18,2,FALSE()),"Not Found") -> Simran Kaur | D13: =IFERROR(VLOOKUP(B13,CustomerMaster!$A$4:$D$18,3,FALSE()),"Not Found") -> East | E13: =IFERROR(VLOOKUP(B13,CustomerMaster!$A$4:$D$18,4,FALSE()),"Not Found") -> Silver
A14: ORD-008 | B14: CUST1008 | C14: =IFERROR(VLOOKUP(B14,CustomerMaster!$A$4:$D$18,2,FALSE()),"Not Found") -> Vikram Singh | D14: =IFERROR(VLOOKUP(B14,CustomerMaster!$A$4:$D$18,3,FALSE()),"Not Found") -> North | E14: =IFERROR(VLOOKUP(B14,CustomerMaster!$A$4:$D$18,4,FALSE()),"Not Found") -> Platinum
A16: Notes:
A17: • Formula used: =IFERROR(VLOOKUP(lookup_value, CustomerMaster!$A$4:$D$18, col_index, FALSE), "Not Found")
A18: • The 4th argument FALSE forces an exact match — required whenever you're matching IDs, codes, or names.
A19: • ORD-003 uses CUST1099, which does not exist in CustomerMaster — IFERROR catches VLOOKUP's not-found error and shows 'Not Found' instead of breaking the sheet.
A20: • Table range is locked with $ signs ($A$4:$D$18) so the formula can be dragged down without the lookup range shifting.
A21: • Column index (2, 3, 4) refers to position within the range A:D — B=2 (Name), C=3 (Region), D=4 (Tier).
